,Age,Number of siblings,Gender,Left - right handed,Education,BMI,Clusters
0,20.0,1.0,female,right handed,college/bachelor degree,18.06616733787497,1
1,19.0,2.0,female,right handed,college/bachelor degree,21.829952199932254,2
2,20.0,2.0,female,right handed,secondary school,21.62964876033058,4
3,22.0,0.0,female,right handed,college/bachelor degree,19.94321254732288,1
4,20.0,1.0,female,right handed,secondary school,20.41522491349481,0
5,20.0,1.0,male,right handed,secondary school,22.25690831309978,4
6,20.0,1.0,female,right handed,secondary school,15.959653994701394,3
7,19.0,1.0,male,right handed,college/bachelor degree,26.583175803402646,3
9,19.0,3.0,female,right handed,secondary school,19.817677368212443,0
10,19.0,2.0,female,left handed,secondary school,19.591836734693878,3
11,17.0,1.0,female,right handed,primary school,19.369834710743802,2
12,24.0,10.0,female,right handed,college/bachelor degree,19.48696145124717,1
13,19.0,1.0,female,right handed,secondary school,20.202020202020204,5
14,22.0,1.0,female,right handed,college/bachelor degree,18.612244897959183,0
15,18.0,0.0,male,right handed,secondary school,24.577867151840145,0
16,19.0,2.0,female,right handed,college/bachelor degree,21.224489795918366,3
18,18.0,2.0,male,right handed,secondary school,23.808797045267237,4
19,18.0,1.0,male,left handed,secondary school,25.46401086464464,4
20,20.0,1.0,male,right handed,secondary school,22.25690831309978,4
21,24.0,1.0,male,left handed,secondary school,24.56931437160365,1
23,20.0,3.0,female,right handed,secondary school,19.13265306122449,0
24,19.0,1.0,female,right handed,secondary school,18.286779733945284,3
25,20.0,0.0,female,right handed,secondary school,19.377162629757787,5
26,22.0,1.0,female,left handed,college/bachelor degree,23.140495867768596,4
27,19.0,1.0,female,right handed,secondary school,18.818924310286427,4
28,20.0,0.0,male,left handed,secondary school,22.877405702193368,3
29,19.0,2.0,female,right handed,secondary school,21.258503401360546,0
30,25.0,1.0,male,right handed,secondary school,25.97867956642479,4
31,22.0,1.0,female,right handed,secondary school,25.53544639152223,5
32,20.0,4.0,female,left handed,secondary school,18.426534209261334,4
33,27.0,1.0,female,right handed,masters degree,24.221453287197235,2
34,20.0,5.0,male,right handed,college/bachelor degree,21.38593635289987,2
35,19.0,1.0,female,right handed,secondary school,24.913494809688583,0
36,18.0,1.0,female,right handed,secondary school,21.71806608974573,1
37,21.0,1.0,male,right handed,secondary school,29.510591672753833,1
38,23.0,1.0,female,right handed,secondary school,21.258503401360546,0
39,21.0,1.0,female,right handed,secondary school,19.14672216441207,1
40,26.0,1.0,female,right handed,secondary school,20.9572742022715,5
41,20.0,3.0,male,right handed,college/bachelor degree,22.634676324128566,4
42,19.0,0.0,female,right handed,secondary school,31.14186851211073,0
43,20.0,1.0,female,right handed,college/bachelor degree,20.70081674131507,3
44,25.0,1.0,female,right handed,masters degree,23.18339100346021,0
45,27.0,1.0,male,right handed,masters degree,23.808797045267237,0
46,21.0,1.0,female,right handed,college/bachelor degree,20.70081674131507,0
48,20.0,0.0,female,right handed,secondary school,23.938989774631512,5
49,20.0,1.0,female,right handed,primary school,16.633534828999146,1
50,19.0,2.0,female,right handed,college/bachelor degree,19.591836734693878,4
51,19.0,1.0,female,right handed,secondary school,21.179406843378686,4
52,21.0,2.0,female,right handed,secondary school,22.656249999999996,4
53,18.0,4.0,female,right handed,secondary school,18.961927424152293,4
54,21.0,2.0,female,right handed,college/bachelor degree,22.265624999999996,4
55,23.0,1.0,female,right handed,college/bachelor degree,16.528925619834713,0
56,20.0,2.0,female,left handed,secondary school,22.145328719723185,2
57,21.0,1.0,female,right handed,secondary school,18.25631871475516,2
58,19.0,1.0,male,right handed,secondary school,20.74506939371804,3
59,22.0,1.0,male,right handed,college/bachelor degree,23.355636914530994,4
60,23.0,1.0,male,right handed,college/bachelor degree,23.510204081632654,2
61,23.0,1.0,male,left handed,secondary school,20.569329660238754,0
62,23.0,2.0,male,right handed,secondary school,22.67573696145125,4
64,18.0,0.0,female,right handed,primary school,16.049382716049383,0
65,17.0,0.0,male,left handed,primary school,24.543462381300216,3
66,20.0,1.0,male,right handed,secondary school,24.78425751739377,0
67,24.0,0.0,female,right handed,college/bachelor degree,22.656249999999996,5
68,18.0,1.0,female,right handed,college/bachelor degree,19.05197378448407,0
69,20.0,3.0,female,left handed,secondary school,17.68978885166924,5
70,17.0,0.0,male,right handed,secondary school,23.959094229364496,3
71,20.0,0.0,male,left handed,secondary school,27.102040816326532,3
72,28.0,1.0,female,right handed,secondary school,18.42403628117914,0
73,21.0,0.0,male,right handed,secondary school,25.53544639152223,3
74,22.0,1.0,male,right handed,masters degree,22.1606648199446,3
75,20.0,1.0,male,right handed,secondary school,20.887586805555557,4
77,21.0,1.0,female,right handed,secondary school,19.591836734693878,0
78,24.0,1.0,female,right handed,college/bachelor degree,26.02264426588751,0
79,21.0,2.0,female,right handed,secondary school,21.04981790236894,0
80,19.0,1.0,female,right handed,secondary school,18.06616733787497,0
81,22.0,1.0,male,right handed,secondary school,25.53544639152223,0
82,18.0,1.0,female,right handed,secondary school,17.68978885166924,2
83,22.0,2.0,female,right handed,secondary school,19.94805976890361,0
84,19.0,0.0,female,right handed,secondary school,17.006802721088437,4
85,22.0,2.0,male,right handed,college/bachelor degree,20.964360587002094,0
86,24.0,3.0,male,right handed,masters degree,20.286507911738084,3
87,18.0,3.0,female,right handed,college/bachelor degree,19.77769866698311,0
88,21.0,0.0,female,right handed,secondary school,27.885187388459254,0
89,22.0,2.0,female,right handed,masters degree,20.5456936226167,2
90,19.0,3.0,female,right handed,secondary school,24.456063417102378,1
92,19.0,0.0,female,right handed,college/bachelor degree,21.79930795847751,2
93,24.0,2.0,male,right handed,masters degree,26.122448979591837,1
94,21.0,1.0,male,right handed,secondary school,21.22280827689523,3
95,21.0,1.0,male,right handed,college/bachelor degree,23.148148148148145,0
96,19.0,1.0,male,right handed,college/bachelor degree,24.453568409612362,3
97,19.0,1.0,male,right handed,primary school,18.75,3
98,22.0,1.0,male,right handed,secondary school,20.0177299894192,0
99,18.0,1.0,female,left handed,secondary school,19.05197378448407,5
100,21.0,1.0,female,right handed,secondary school,23.99945916711736,4
101,18.0,1.0,male,right handed,secondary school,23.91327452439154,2
102,20.0,0.0,female,right handed,secondary school,19.48696145124717,2
104,21.0,1.0,male,right handed,secondary school,21.604938271604937,4
105,24.0,1.0,male,right handed,college/bachelor degree,23.355636914530994,1
106,19.0,1.0,male,right handed,secondary school,24.151672503320853,4
108,17.0,1.0,female,right handed,primary school,21.612811791383223,1
109,18.0,0.0,male,right handed,secondary school,20.983987603305785,1
110,21.0,1.0,male,right handed,college/bachelor degree,20.45288531775018,4
111,22.0,1.0,female,right handed,college/bachelor degree,20.322252866889244,4
112,20.0,1.0,female,left handed,secondary school,20.32443825510934,5
114,19.0,1.0,female,right handed,secondary school,20.32443825510934,1
115,17.0,0.0,female,right handed,secondary school,20.244897959183675,0
116,21.0,1.0,female,right handed,college/bachelor degree,21.35779559539232,1
117,18.0,3.0,female,right handed,secondary school,20.202020202020204,5
118,23.0,1.0,male,right handed,college/bachelor degree,19.591836734693878,2
119,16.0,1.0,female,right handed,secondary school,20.832529609197174,3
120,23.0,0.0,male,right handed,college/bachelor degree,25.46401086464464,0
121,21.0,2.0,male,right handed,secondary school,26.234567901234566,3
122,23.0,0.0,female,right handed,masters degree,23.011176857330703,2
123,20.0,0.0,female,left handed,secondary school,27.041644131963228,2
125,20.0,1.0,female,right handed,secondary school,21.907582457706194,4
126,20.0,2.0,female,right handed,secondary school,21.077195227520797,5
127,19.0,1.0,female,right handed,primary school,20.428357113217785,4
128,15.0,3.0,female,left handed,primary school,16.372080590731397,0
129,20.0,1.0,female,right handed,secondary school,23.671253629592222,0
130,19.0,1.0,female,right handed,secondary school,23.384353741496604,3
131,18.0,0.0,male,right handed,primary school,27.65174904024269,3
132,15.0,1.0,female,right handed,primary school,17.647058823529413,5
133,20.0,2.0,female,right handed,college/bachelor degree,17.301038062283737,1
134,16.0,0.0,female,right handed,secondary school,20.41522491349481,0
135,18.0,1.0,male,right handed,secondary school,18.115412710007302,2
136,21.0,1.0,male,right handed,secondary school,26.296566837107374,5
137,20.43369890329013,0.0,female,right handed,primary school,21.179406843378686,4
138,20.0,4.0,female,right handed,secondary school,17.71541950113379,1
139,19.0,1.0,female,right handed,college/bachelor degree,18.77834467120182,0
140,19.0,3.0,female,right handed,college/bachelor degree,16.979591836734695,0
141,19.0,0.0,female,right handed,primary school,22.49134948096886,0
142,20.43369890329013,1.0,male,left handed,primary school,21.179406843378686,3
143,20.0,1.0,female,right handed,secondary school,21.9671201814059,0
145,19.0,1.0,female,right handed,secondary school,28.650137741046834,3
147,18.0,2.0,male,right handed,secondary school,24.251278305332356,5
148,20.0,3.0,male,right handed,secondary school,20.202020202020204,0
149,19.0,5.0,male,right handed,college/bachelor degree,25.10633270321361,1
150,22.0,1.0,female,right handed,secondary school,19.4707778735357,2
151,20.0,1.0,male,right handed,secondary school,30.864197530864196,2
152,25.0,2.0,male,right handed,college/bachelor degree,24.913494809688583,0
153,21.0,0.0,female,right handed,college/bachelor degree,17.99307958477509,3
154,24.0,1.0,male,right handed,college/bachelor degree,23.66691015339664,2
155,19.0,1.0,female,right handed,secondary school,24.622960911049557,4
156,25.0,0.0,male,left handed,doctorate degree,30.961728749720702,0
157,26.0,2.0,male,right handed,masters degree,19.591836734693878,3
158,15.0,2.0,female,right handed,currently a primary school pupil,18.749999999999996,3
159,20.0,1.0,male,right handed,secondary school,19.390581717451525,4
160,19.0,1.0,male,right handed,secondary school,20.990540971410354,2
161,20.0,0.0,female,left handed,secondary school,24.675500270416443,3
162,21.0,0.0,male,left handed,college/bachelor degree,24.653739612188367,4
163,22.0,1.0,male,right handed,secondary school,20.97117202268431,3
165,20.0,0.0,female,right handed,college/bachelor degree,21.258503401360546,0
166,21.0,1.0,female,right handed,secondary school,25.076193048107708,1
168,20.0,0.0,female,right handed,secondary school,21.91358024691358,0
169,19.0,0.0,female,right handed,secondary school,23.124670372023203,1
170,19.0,1.0,male,right handed,secondary school,20.66115702479339,4
171,20.0,0.0,male,right handed,secondary school,22.22222222222222,0
172,22.0,1.0,male,right handed,secondary school,23.299799895836188,2
173,21.0,1.0,male,right handed,secondary school,21.447567845806283,1
174,26.0,0.0,male,right handed,secondary school,23.291229956104985,1
175,17.0,0.0,female,right handed,primary school,22.95908765854944,0
177,26.0,2.0,male,right handed,masters degree,24.508945765204302,2
178,20.0,1.0,female,right handed,masters degree,19.531249999999996,1
179,22.0,1.0,male,right handed,secondary school,22.6421929718633,1
180,21.0,0.0,male,right handed,secondary school,19.591836734693878,2
181,23.0,0.0,male,right handed,secondary school,24.691358024691358,4
182,19.0,0.0,female,right handed,secondary school,18.82711103989745,4
183,20.0,1.0,male,right handed,college/bachelor degree,21.604938271604937,0
184,21.0,0.0,female,right handed,college/bachelor degree,28.075042938300964,2
185,19.0,2.0,female,right handed,secondary school,19.721036967980208,5
186,29.0,2.0,female,right handed,masters degree,22.758306781975424,5
187,22.0,1.0,female,right handed,college/bachelor degree,23.888440980620498,3
188,19.0,2.0,female,left handed,college/bachelor degree,19.031141868512112,1
189,17.0,1.0,female,right handed,primary school,19.5964581216432,1
190,16.0,1.0,female,left handed,primary school,19.227687870533565,1
191,29.0,2.0,female,right handed,masters degree,26.171874999999996,2
192,18.0,2.0,female,right handed,secondary school,26.037493991347535,0
193,26.0,2.0,male,right handed,masters degree,24.508945765204302,2
194,19.0,1.0,male,right handed,secondary school,23.291229956104985,2
195,19.0,0.0,male,right handed,secondary school,20.45288531775018,3
196,20.0,0.0,female,right handed,secondary school,22.40817898532965,0
197,22.0,0.0,female,right handed,college/bachelor degree,18.359374999999996,5
198,20.0,1.0,male,right handed,secondary school,25.4364666435426,0
199,21.0,1.0,male,right handed,secondary school,25.725517400855587,3
200,21.0,2.0,male,right handed,secondary school,19.257028815517668,0
202,15.0,0.0,male,right handed,primary school,19.230182228869694,3
203,19.0,1.0,female,right handed,college/bachelor degree,18.818924310286427,3
204,24.0,1.0,female,right handed,college/bachelor degree,17.856517628934565,2
205,19.0,0.0,female,right handed,secondary school,20.703124999999996,2
206,25.0,3.0,male,left handed,college/bachelor degree,25.10633270321361,2
207,20.0,1.0,female,right handed,college/bachelor degree,21.453287197231838,1
208,19.0,2.0,female,right handed,secondary school,20.761245674740486,0
209,21.0,1.0,male,right handed,secondary school,21.179406843378686,4
210,23.0,2.0,male,right handed,secondary school,24.22022684310019,4
211,21.0,1.0,female,right handed,secondary school,17.75568181818182,0
212,20.0,1.0,male,right handed,secondary school,21.453287197231838,2
213,20.0,1.0,female,right handed,secondary school,24.44727891156463,0
214,18.0,3.0,female,right handed,primary school,18.376825152861773,2
215,27.0,2.0,male,right handed,secondary school,24.691358024691358,5
216,17.0,0.0,female,right handed,secondary school,25.59373706198954,1
217,19.0,1.0,female,right handed,primary school,18.93700290367378,0
218,18.0,2.0,male,right handed,primary school,21.132713440405748,3
219,26.0,1.0,male,right handed,secondary school,24.4140625,3
220,18.0,2.0,male,right handed,secondary school,22.5,4
221,30.0,2.0,male,right handed,masters degree,22.408786769347305,4
222,24.0,1.0,female,right handed,secondary school,17.941817249775728,0
223,20.0,0.0,female,right handed,secondary school,18.069727891156464,5
224,20.0,1.0,male,right handed,secondary school,18.92915089237426,2
225,20.0,1.0,male,right handed,secondary school,20.66115702479339,4
227,19.0,3.0,female,right handed,secondary school,24.092970521541954,2
228,20.0,2.0,female,right handed,secondary school,19.473406629072173,4
229,21.0,5.0,male,right handed,secondary school,24.3910588392529,3
230,19.0,1.0,female,right handed,secondary school,21.04981790236894,4
231,19.0,0.0,female,right handed,secondary school,18.80920625149619,0
232,19.0,2.0,female,right handed,secondary school,21.258503401360546,0
233,18.0,1.0,female,right handed,primary school,17.63085399449036,0
234,18.0,1.0,female,right handed,college/bachelor degree,23.030045351473927,0
235,16.0,0.0,female,right handed,secondary school,21.13885585942661,1
236,19.0,0.0,female,right handed,secondary school,19.493177387914233,0
237,18.0,3.0,female,right handed,secondary school,21.383941996057334,0
238,19.0,2.0,female,right handed,primary school,19.473406629072173,5
239,21.0,0.0,female,left handed,secondary school,19.713321527615356,4
240,21.0,1.0,male,right handed,college/bachelor degree,24.691358024691358,1
241,18.0,0.0,female,right handed,secondary school,18.51851851851852,0
242,21.0,0.0,female,right handed,secondary school,20.571428571428573,5
243,17.0,0.0,female,right handed,secondary school,22.093170054286073,2
244,20.0,0.0,female,right handed,secondary school,17.968749999999996,0
245,19.0,1.0,female,right handed,primary school,20.281233098972418,4
246,27.0,0.0,male,right handed,masters degree,24.691358024691358,0
247,22.0,0.0,female,right handed,college/bachelor degree,24.977043158861342,4
248,19.0,2.0,female,right handed,secondary school,21.484374999999996,3
249,19.0,3.0,female,right handed,secondary school,20.202020202020204,4
250,20.0,0.0,female,right handed,secondary school,20.33832644628099,5
251,19.0,2.0,female,right handed,secondary school,22.308149910767405,0
252,20.0,0.0,female,right handed,secondary school,18.314255983350673,0
253,17.0,0.0,female,left handed,primary school,20.43816558499767,1
254,23.0,2.0,female,right handed,secondary school,20.177148524332274,0
255,20.0,2.0,female,right handed,secondary school,20.028841531805796,2
256,20.0,1.0,female,right handed,secondary school,20.761245674740486,5
257,19.0,2.0,male,right handed,secondary school,19.623233908948194,0
258,20.0,0.0,female,right handed,secondary school,19.01944209636517,2
259,19.0,4.0,male,right handed,secondary school,23.510204081632654,0
260,19.0,0.0,male,right handed,secondary school,24.736530186296992,0
261,18.0,1.0,female,right handed,secondary school,17.301038062283737,5
262,19.0,1.0,female,right handed,secondary school,20.202020202020204,4
263,15.0,3.0,female,right handed,secondary school,17.110020661157026,0
264,19.0,1.0,female,right handed,college/bachelor degree,19.362472659471475,0
265,15.0,1.0,female,right handed,secondary school,16.955017301038065,5
266,19.0,1.0,female,right handed,secondary school,25.510204081632658,0
267,21.0,2.0,female,left handed,masters degree,18.442545824080696,1
268,19.0,2.0,female,right handed,college/bachelor degree,20.342797783933516,5
269,17.0,1.0,female,right handed,secondary school,22.832879346258608,1
270,23.0,1.0,female,right handed,college/bachelor degree,25.71166207529844,0
271,24.0,0.0,male,right handed,secondary school,25.53544639152223,0
272,19.0,1.0,female,right handed,secondary school,19.031141868512112,2
273,19.0,2.0,female,right handed,college/bachelor degree,21.146319909102385,4
274,22.0,0.0,female,right handed,secondary school,20.761245674740486,3
275,20.0,1.0,female,right handed,college/bachelor degree,24.221453287197235,4
276,21.0,2.0,female,right handed,college/bachelor degree,21.179406843378686,0
277,19.0,0.0,male,right handed,secondary school,21.50294250792214,1
278,19.0,2.0,male,right handed,secondary school,26.234567901234566,4
279,20.0,1.0,female,right handed,college/bachelor degree,20.446742023841672,3
280,18.0,1.0,female,right handed,secondary school,21.777553339224845,0
281,19.0,1.0,male,right handed,secondary school,23.355636914530994,4
282,20.0,2.0,female,right handed,secondary school,18.36547291092746,1
284,20.0,2.0,male,right handed,secondary school,21.461936624163616,1
285,20.0,2.0,female,right handed,secondary school,19.48696145124717,5
286,27.0,1.0,female,right handed,masters degree,19.48696145124717,0
287,19.0,0.0,female,right handed,secondary school,17.59259259259259,3
290,20.0,1.0,female,right handed,secondary school,19.37919743392696,0
291,20.0,1.0,male,right handed,secondary school,22.819404547773097,0
292,21.0,1.0,female,right handed,secondary school,35.44423440453686,0
293,16.0,0.0,female,right handed,primary school,22.230987127541326,2
295,18.0,1.0,female,right handed,secondary school,20.43816558499767,2
296,23.0,1.0,male,right handed,college/bachelor degree,24.930747922437675,3
297,19.0,0.0,male,right handed,secondary school,23.735308416025617,3
298,19.0,0.0,female,right handed,secondary school,19.195302796492154,0
299,22.0,1.0,female,right handed,college/bachelor degree,17.374452871796585,0
300,18.0,1.0,female,right handed,secondary school,23.875114784205696,2
301,20.0,1.0,male,right handed,college/bachelor degree,25.48476454293629,1
302,19.0,1.0,female,right handed,secondary school,18.30576947355132,0
303,25.0,1.0,female,right handed,masters degree,27.250887446663558,0
304,18.0,0.0,female,right handed,secondary school,20.703124999999996,5
305,20.0,0.0,female,right handed,college/bachelor degree,22.40817898532965,2
306,15.0,1.0,female,right handed,primary school,20.808561236623067,4
307,19.0,2.0,female,right handed,secondary school,21.952479338842977,2
309,16.0,0.0,female,right handed,secondary school,20.028841531805796,5
310,19.0,1.0,male,right handed,college/bachelor degree,24.074074074074073,3
311,18.0,0.0,female,right handed,college/bachelor degree,20.43816558499767,4
312,15.0,1.0,male,right handed,primary school,25.95155709342561,3
313,20.0,1.0,female,right handed,secondary school,19.031141868512112,0
314,20.0,2.0,male,right handed,secondary school,23.148148148148145,4
315,20.0,1.0,male,left handed,secondary school,20.085066162570886,5
316,20.0,0.0,female,right handed,secondary school,20.761245674740486,3
317,19.0,2.0,male,right handed,secondary school,20.061728395061728,3
318,16.0,0.0,female,right handed,currently a primary school pupil,16.806134238997235,1
319,18.0,1.0,female,left handed,secondary school,23.588329220496444,4
320,20.0,0.0,male,right handed,secondary school,27.77427092538821,3
321,16.0,0.0,female,right handed,college/bachelor degree,20.957171162932475,0
322,18.0,1.0,female,right handed,primary school,19.531249999999996,2
323,20.0,1.0,male,left handed,secondary school,21.461936624163616,1
324,18.0,1.0,female,right handed,primary school,23.030045351473927,0
325,19.0,1.0,male,right handed,secondary school,18.115412710007302,0
326,19.0,0.0,female,right handed,college/bachelor degree,18.93877551020408,3
327,20.0,1.0,female,right handed,secondary school,19.721036967980208,0
328,18.0,0.0,male,right handed,college/bachelor degree,22.550940964858118,0
329,17.0,1.0,female,right handed,primary school,23.437499999999996,3
331,17.0,0.0,male,right handed,secondary school,27.77442337881898,4
332,22.0,2.0,female,right handed,secondary school,22.03856749311295,5
333,16.0,0.0,female,right handed,secondary school,21.469150482230148,0
334,24.0,1.0,female,right handed,masters degree,17.506389832288786,0
335,17.0,1.0,male,right handed,primary school,21.32943754565376,0
336,17.0,1.0,male,left handed,secondary school,20.761245674740486,3
337,17.0,2.0,male,right handed,secondary school,22.944088878154812,3
339,18.0,2.0,female,right handed,primary school,19.531249999999996,2
340,18.0,2.0,female,right handed,primary school,21.230572023714146,1
341,16.0,1.0,male,right handed,primary school,18.210197710718,3
342,20.0,0.0,female,right handed,secondary school,22.720438370810918,0
343,29.0,2.0,female,right handed,masters degree,19.841269841269845,0
344,24.0,3.0,female,right handed,college/bachelor degree,22.985397512168742,1
345,18.0,0.0,female,right handed,secondary school,22.308149910767405,3
346,17.0,0.0,male,right handed,primary school,20.45288531775018,3
348,16.0,1.0,male,right handed,secondary school,22.6421929718633,2
349,17.0,2.0,female,right handed,primary school,22.49134948096886,3
350,20.0,2.0,male,right handed,college/bachelor degree,19.445794846864363,3
351,16.0,1.0,female,right handed,primary school,22.058051188683873,2
352,19.0,1.0,male,right handed,secondary school,21.27600011197895,1
353,18.0,1.0,female,right handed,secondary school,21.773842357381334,0
354,20.0,1.0,female,right handed,secondary school,22.76146753597469,1
355,19.0,1.0,male,right handed,secondary school,24.691358024691358,3
356,18.0,1.0,male,left handed,secondary school,21.62162162162162,4
357,21.0,0.0,male,right handed,secondary school,29.961611685028558,5
358,19.0,2.0,male,right handed,college/bachelor degree,23.529411764705884,3
359,20.0,2.0,female,right handed,secondary school,21.266540642722116,3
360,23.0,1.0,female,right handed,college/bachelor degree,19.1358024691358,0
361,19.0,1.0,female,right handed,college/bachelor degree,21.04804761213529,1
363,19.0,2.0,female,right handed,college/bachelor degree,17.92821542543655,2
364,20.0,2.0,male,right handed,college/bachelor degree,23.671253629592222,3
365,24.0,5.0,male,right handed,college/bachelor degree,22.857142857142858,2
366,19.0,1.0,male,right handed,college/bachelor degree,23.545706371191137,3
367,20.0,2.0,male,right handed,secondary school,21.146319909102385,4
370,19.0,2.0,female,right handed,secondary school,20.549886621315196,4
371,19.0,4.0,female,right handed,secondary school,19.705532421177875,4
372,20.0,2.0,male,right handed,secondary school,16.014183991535358,3
373,20.0,0.0,male,left handed,college/bachelor degree,23.781212841854934,5
374,21.0,1.0,female,right handed,secondary school,20.015495867768596,3
377,17.0,0.0,female,right handed,secondary school,28.040378144528116,2
379,25.0,2.0,male,right handed,masters degree,22.12973972783723,4
380,20.0,1.0,female,left handed,secondary school,20.06920415224914,0
381,21.0,1.0,female,right handed,secondary school,19.37919743392696,1
382,21.0,0.0,female,right handed,secondary school,19.62826470116968,0
383,22.0,1.0,male,right handed,college/bachelor degree,26.296566837107374,2
384,19.0,1.0,female,right handed,secondary school,20.06920415224914,2
385,25.0,1.0,male,right handed,college/bachelor degree,24.302487059714682,4
386,19.0,0.0,female,right handed,secondary school,19.959355494266223,3
387,25.0,2.0,female,right handed,masters degree,22.948115744558788,0
388,25.0,1.0,female,right handed,masters degree,21.007667798746546,4
389,21.0,0.0,female,right handed,secondary school,21.258503401360546,5
390,20.0,2.0,male,right handed,secondary school,20.515086478979924,3
391,24.0,2.0,female,right handed,masters degree,17.99816345270891,4
392,30.0,2.0,female,right handed,masters degree,18.359374999999996,0
393,21.0,1.0,male,right handed,secondary school,24.212293388429753,1
394,27.0,3.0,male,right handed,masters degree,22.25690831309978,1
395,21.0,1.0,male,right handed,college/bachelor degree,22.985397512168742,3
396,16.0,0.0,female,right handed,primary school,18.590124925639504,1
397,21.0,1.0,female,right handed,college/bachelor degree,24.489795918367346,5
398,20.0,1.0,female,right handed,college/bachelor degree,22.03856749311295,4
399,22.0,1.0,female,right handed,secondary school,25.390624999999996,2
400,19.0,1.0,male,left handed,secondary school,24.691358024691358,3
401,20.0,1.0,female,right handed,secondary school,31.14186851211073,0
403,23.0,2.0,male,right handed,secondary school,25.79591836734694,0
404,20.0,2.0,female,right handed,college/bachelor degree,20.43816558499767,4
405,20.0,1.0,female,left handed,secondary school,21.179406843378686,1
406,21.0,1.0,female,left handed,secondary school,21.258503401360546,4
407,19.0,1.0,female,left handed,secondary school,15.967484395412978,4
408,21.0,1.0,female,right handed,college/bachelor degree,21.564544913741823,1
409,16.0,0.0,female,right handed,currently a primary school pupil,18.36547291092746,0
410,20.0,1.0,male,right handed,secondary school,27.160493827160494,3
411,18.0,0.0,female,right handed,secondary school,20.04744562130375,0
412,21.0,1.0,female,right handed,secondary school,19.13265306122449,3
413,21.0,2.0,male,right handed,secondary school,21.705129432793896,3
414,18.0,2.0,male,right handed,college/bachelor degree,20.07960127648894,4
415,19.0,1.0,female,right handed,secondary school,23.054562464499313,3
416,20.0,1.0,female,left handed,secondary school,18.68512110726644,3
417,18.0,1.0,male,right handed,secondary school,18.51851851851852,2
418,18.0,1.0,female,right handed,primary school,20.281233098972418,5
419,23.0,0.0,female,right handed,secondary school,21.230572023714146,4
420,20.0,1.0,female,right handed,secondary school,19.100091827364558,1
421,18.0,1.0,female,left handed,secondary school,19.48696145124717,2
422,28.0,1.0,female,right handed,college/bachelor degree,23.456790123456788,0
423,24.0,1.0,female,right handed,masters degree,25.21735857578381,0
425,21.0,3.0,female,right handed,secondary school,21.98989236526368,2
426,22.0,1.0,female,right handed,masters degree,25.390624999999996,2
427,19.0,1.0,male,right handed,secondary school,23.76543209876543,4
428,18.0,2.0,female,right handed,primary school,20.820939916716245,1
430,19.0,1.0,female,right handed,masters degree,18.339100346020764,0
431,19.0,2.0,male,left handed,secondary school,22.79035792549306,0
432,20.0,1.0,male,right handed,secondary school,23.629489603024574,4
433,19.0,3.0,female,right handed,secondary school,19.377162629757787,0
434,18.0,1.0,male,right handed,secondary school,24.515595463137995,0
435,18.0,1.0,female,right handed,secondary school,20.04744562130375,1
436,19.0,1.0,male,right handed,secondary school,20.015495867768596,3
437,18.0,0.0,female,right handed,secondary school,20.70081674131507,3
438,18.0,2.0,female,right handed,secondary school,22.839506172839506,5
439,19.0,1.0,male,right handed,secondary school,22.857142857142858,3
440,19.0,1.0,female,right handed,secondary school,21.564544913741823,0
442,18.0,6.0,female,right handed,secondary school,21.829952199932254,4
443,18.0,3.0,female,right handed,secondary school,20.576131687242793,0
444,19.0,1.0,female,right handed,secondary school,18.68512110726644,3
445,20.0,0.0,female,right handed,secondary school,17.444926771877153,5
446,19.0,1.0,male,right handed,secondary school,20.45288531775018,3
447,26.0,3.0,female,left handed,masters degree,20.70081674131507,1
448,19.0,1.0,female,right handed,secondary school,17.361111111111114,3
449,19.0,0.0,female,right handed,secondary school,23.458562375266975,0
450,22.0,1.0,male,right handed,college/bachelor degree,25.88057063502083,5
451,20.0,1.0,male,right handed,college/bachelor degree,23.875114784205696,3
452,28.0,2.0,female,right handed,masters degree,19.444444444444443,3
453,19.0,0.0,female,right handed,secondary school,21.179406843378686,0
454,21.0,0.0,female,right handed,secondary school,19.72386587771203,2
455,19.0,1.0,female,right handed,secondary school,18.93877551020408,3
456,22.0,2.0,male,right handed,secondary school,22.634676324128566,3
457,19.0,2.0,male,right handed,secondary school,18.924941241109856,3
458,18.0,1.0,female,right handed,secondary school,18.42403628117914,0
459,19.0,0.0,female,right handed,secondary school,22.49963710262738,3
460,22.0,2.0,male,left handed,secondary school,21.83589485176787,3
461,29.0,0.0,male,right handed,masters degree,26.874947509868147,1
462,20.43369890329013,2.0,female,right handed,college/bachelor degree,21.179406843378686,3
463,18.0,0.0,female,right handed,secondary school,22.308149910767405,0
464,22.0,1.0,female,right handed,secondary school,16.901027582477017,3
465,17.0,1.0,female,right handed,secondary school,18.662014686194166,5
466,19.0,0.0,male,right handed,college/bachelor degree,20.15621063240111,0
467,20.0,1.0,female,right handed,secondary school,17.746228926353147,5
468,18.0,0.0,female,right handed,secondary school,20.04744562130375,4
469,22.0,0.0,male,right handed,secondary school,21.827744904667984,3
470,19.0,1.0,female,right handed,secondary school,20.796729893506402,5
471,20.0,1.0,male,right handed,secondary school,23.355636914530994,2
472,25.0,1.0,male,right handed,masters degree,22.54595907041276,5
473,29.0,0.0,male,left handed,masters degree,22.145328719723185,1
474,19.0,1.0,male,right handed,secondary school,24.691358024691358,3
475,18.0,4.0,female,right handed,secondary school,20.281233098972418,4
476,20.0,2.0,female,right handed,secondary school,19.591836734693878,4
477,18.0,3.0,female,right handed,secondary school,18.556773222226116,2
478,30.0,3.0,male,right handed,masters degree,24.691358024691358,0
480,21.0,2.0,female,right handed,secondary school,21.218317194552675,4
481,22.0,1.0,male,right handed,college/bachelor degree,18.005540166204987,4
482,22.0,2.0,male,right handed,secondary school,22.955684331345708,5
483,20.0,0.0,female,right handed,college/bachelor degree,24.3910588392529,0
485,19.0,1.0,female,right handed,secondary school,23.507805325987146,0
486,28.0,1.0,female,right handed,masters degree,19.493177387914233,3
488,22.0,1.0,male,right handed,secondary school,23.93948099205209,2
489,20.0,0.0,female,right handed,college/bachelor degree,19.140624999999996,2
490,16.0,1.0,female,right handed,primary school,17.71541950113379,0
491,19.0,1.0,female,right handed,secondary school,20.569329660238754,5
492,20.0,2.0,female,right handed,secondary school,25.59373706198954,2
493,21.0,1.0,male,right handed,college/bachelor degree,22.79035792549306,3
494,19.0,1.0,female,right handed,secondary school,20.202020202020204,2
495,20.0,2.0,female,right handed,secondary school,21.179406843378686,2
496,25.0,1.0,female,right handed,college/bachelor degree,17.99307958477509,1
497,20.0,1.0,female,right handed,secondary school,22.03856749311295,0
498,19.0,3.0,female,right handed,secondary school,17.301038062283737,2
499,22.0,3.0,male,right handed,secondary school,21.179406843378686,1
500,19.0,2.0,female,left handed,secondary school,19.60519199567334,4
501,21.0,1.0,female,right handed,secondary school,18.726007303142847,4
502,22.0,6.0,male,right handed,masters degree,23.087868130688072,4
503,28.0,1.0,female,right handed,masters degree,19.369834710743802,1
504,21.0,1.0,female,right handed,college/bachelor degree,17.71541950113379,5
505,20.0,3.0,male,right handed,secondary school,23.93948099205209,0
506,19.0,1.0,male,left handed,secondary school,23.23563170124017,3
507,21.0,1.0,female,right handed,college/bachelor degree,18.77834467120182,4
510,22.0,0.0,male,right handed,college/bachelor degree,22.59814049586777,4
511,19.0,2.0,male,right handed,secondary school,21.913805697589478,0
513,20.0,0.0,male,right handed,secondary school,23.355636914530994,3
514,22.0,0.0,male,right handed,college/bachelor degree,20.830703194041156,1
515,19.0,1.0,male,right handed,secondary school,19.73176241814178,0
516,22.0,2.0,male,right handed,secondary school,26.729927495071667,3
517,17.0,1.0,female,right handed,secondary school,18.166204254194742,0
518,18.0,1.0,female,right handed,secondary school,21.20310522895934,0
519,19.0,1.0,male,right handed,primary school,21.62162162162162,3
520,23.0,1.0,female,right handed,masters degree,20.478266613819528,5
521,20.0,0.0,female,right handed,secondary school,23.124670372023203,4
522,18.0,2.0,female,right handed,secondary school,20.936639118457304,0
523,19.0,3.0,male,left handed,college/bachelor degree,20.679012345679013,3
525,28.0,2.0,female,right handed,masters degree,22.49134948096886,0
526,21.0,1.0,male,right handed,college/bachelor degree,21.49959688255845,0
528,20.0,2.0,male,right handed,secondary school,24.835646457268076,0
529,20.0,1.0,male,right handed,secondary school,20.98765432098765,1
530,28.0,2.0,female,right handed,secondary school,16.901027582477017,5
531,22.0,1.0,male,right handed,secondary school,19.03642115282327,2
532,19.0,0.0,female,right handed,secondary school,22.49134948096886,0
533,21.0,3.0,male,right handed,college/bachelor degree,24.22022684310019,4
535,17.0,2.0,male,right handed,secondary school,19.591836734693878,4
536,19.0,1.0,female,right handed,college/bachelor degree,20.19557823129252,3
537,25.0,3.0,male,right handed,masters degree,22.714681440443215,2
538,20.0,1.0,female,right handed,secondary school,17.99307958477509,5
539,26.0,2.0,male,right handed,college/bachelor degree,22.584759273036454,1
540,21.0,0.0,male,right handed,secondary school,23.54788069073783,4
541,20.0,2.0,female,right handed,secondary school,17.306122448979593,5
542,29.0,1.0,female,right handed,masters degree,27.77442337881898,0
543,25.0,1.0,male,right handed,masters degree,23.12406058503873,0
544,21.0,0.0,male,right handed,masters degree,24.489795918367346,2
545,20.0,3.0,male,right handed,secondary school,22.59814049586777,3
546,27.0,3.0,male,right handed,masters degree,24.302487059714682,4
547,21.0,2.0,male,left handed,secondary school,19.41323497294281,1
548,20.0,1.0,female,right handed,secondary school,17.99307958477509,1
549,20.43369890329013,1.0,female,left handed,college/bachelor degree,18.507766003774133,0
550,17.0,0.0,female,left handed,primary school,18.442545824080696,2
551,16.0,1.0,female,right handed,secondary school,21.179406843378686,5
552,19.0,3.0,female,right handed,secondary school,21.179406843378686,4
553,18.0,0.0,female,right handed,secondary school,18.339100346020764,5
554,19.0,0.0,male,right handed,college/bachelor degree,20.515086478979924,5
555,21.0,0.0,female,right handed,college/bachelor degree,22.589551436050055,0
557,20.0,2.0,female,right handed,college/bachelor degree,19.031141868512112,0
558,19.0,2.0,female,right handed,primary school,21.179406843378686,5
559,20.0,0.0,female,right handed,secondary school,18.376825152861773,3
560,16.0,0.0,female,right handed,currently a primary school pupil,21.179406843378686,0
561,20.0,1.0,male,right handed,secondary school,25.127830533235937,4
563,20.0,1.0,male,left handed,secondary school,23.545706371191137,3
564,20.0,2.0,male,right handed,college/bachelor degree,23.148148148148145,3
565,16.0,2.0,female,right handed,primary school,17.99816345270891,3
566,19.0,1.0,female,right handed,secondary school,24.816326530612244,5
567,19.0,1.0,male,right handed,secondary school,27.154894879762605,3
568,23.0,1.0,female,right handed,college/bachelor degree,21.63331530557058,3
569,20.0,1.0,female,right handed,college/bachelor degree,17.63085399449036,5
570,23.0,4.0,male,left handed,secondary school,24.635368550712467,1
572,22.0,3.0,female,right handed,college/bachelor degree,19.15119181970521,5
573,17.0,3.0,male,right handed,primary school,22.395413419331717,3
574,20.0,1.0,female,right handed,secondary school,18.30576947355132,3
575,21.0,1.0,female,right handed,secondary school,22.758306781975424,1
576,21.0,3.0,male,right handed,secondary school,24.61810377477591,0
577,19.0,1.0,female,right handed,secondary school,16.796874999999996,5
578,20.0,0.0,female,right handed,secondary school,24.489795918367346,0
579,19.0,0.0,male,right handed,college/bachelor degree,24.983563445101908,4
580,21.0,0.0,male,left handed,secondary school,22.229061933586404,3
581,22.0,1.0,female,right handed,secondary school,20.449137418203453,0
582,22.0,3.0,male,right handed,college/bachelor degree,23.661438615467823,0
583,22.0,1.0,male,right handed,college/bachelor degree,22.1606648199446,0
584,28.0,1.0,female,left handed,masters degree,20.515086478979924,3
585,21.0,1.0,male,right handed,secondary school,23.37472607742878,0
586,21.0,2.0,male,right handed,college/bachelor degree,23.79552644102909,4
587,17.0,3.0,female,right handed,primary school,23.875114784205696,3
588,21.0,0.0,female,right handed,secondary school,17.99307958477509,5
589,17.0,1.0,female,right handed,primary school,22.052190183434128,2
590,28.0,1.0,male,right handed,masters degree,26.56683975365294,0
591,20.0,1.0,female,right handed,college/bachelor degree,21.484374999999996,5
592,19.0,0.0,female,right handed,secondary school,22.49134948096886,0
593,21.0,1.0,female,right handed,secondary school,17.577068685776098,2
594,23.0,1.0,male,right handed,college/bachelor degree,24.355421180818006,2
595,17.0,0.0,male,right handed,primary school,23.738662131519277,1
597,19.0,1.0,male,right handed,secondary school,21.461936624163616,3
598,19.0,1.0,male,left handed,secondary school,27.68166089965398,3
599,19.0,1.0,male,right handed,secondary school,24.8109640831758,0
600,18.0,0.0,female,right handed,secondary school,18.467220683287167,3
601,19.0,1.0,female,right handed,secondary school,20.449137418203453,2
602,22.0,1.0,male,right handed,secondary school,21.434609346697258,0
603,21.0,1.0,female,right handed,secondary school,21.258503401360546,0
604,21.0,1.0,female,right handed,secondary school,18.339100346020764,0
605,21.0,1.0,male,left handed,college/bachelor degree,18.991964937910883,1
606,22.0,1.0,male,right handed,secondary school,23.959094229364496,1
607,19.0,1.0,female,right handed,secondary school,19.48696145124717,0
609,18.0,2.0,male,right handed,currently a primary school pupil,20.654142145767317,3
610,20.0,1.0,male,right handed,secondary school,24.78425751739377,4
611,18.0,0.0,female,right handed,secondary school,20.19557823129252,3
612,23.0,2.0,male,right handed,secondary school,37.182260681449435,0
613,18.0,1.0,female,right handed,secondary school,22.10028959000152,4
614,22.0,1.0,female,right handed,secondary school,23.795359904818564,0
615,20.0,0.0,male,right handed,secondary school,22.857142857142858,4
616,19.0,0.0,male,right handed,secondary school,22.408786769347305,0
617,19.0,1.0,female,right handed,secondary school,21.484374999999996,1
618,23.0,0.0,female,right handed,college/bachelor degree,21.71806608974573,4
619,27.0,4.0,male,right handed,secondary school,27.102040816326532,1
620,20.0,2.0,male,right handed,secondary school,22.395413419331717,3
621,20.0,3.0,female,left handed,secondary school,19.409358296754156,3
622,18.0,1.0,female,right handed,primary school,28.54828131630724,4
623,21.0,3.0,male,right handed,secondary school,22.857142857142858,3
624,21.0,1.0,female,right handed,secondary school,20.715693808680545,5
625,19.0,0.0,female,right handed,secondary school,18.818924310286427,0
626,22.0,0.0,female,right handed,secondary school,22.86236854138088,3
627,20.0,1.0,female,right handed,college/bachelor degree,20.761245674740486,1
628,19.0,0.0,male,right handed,secondary school,22.985397512168742,0
629,20.0,0.0,female,right handed,college/bachelor degree,18.06616733787497,0
630,19.0,1.0,female,right handed,secondary school,20.04744562130375,0
631,18.0,1.0,female,right handed,secondary school,28.25096980941137,0
632,17.0,1.0,male,right handed,primary school,25.24933720489837,3
633,21.0,2.0,male,right handed,secondary school,20.679012345679013,3
634,19.0,1.0,female,right handed,secondary school,21.79930795847751,4
635,25.0,1.0,female,right handed,masters degree,21.04981790236894,0
636,24.0,2.0,male,right handed,doctorate degree,31.80465784343901,4
637,29.0,1.0,male,right handed,masters degree,22.30935640886966,1
638,21.0,1.0,female,right handed,secondary school,19.72386587771203,4
639,18.0,1.0,male,right handed,primary school,22.093170054286073,2
640,21.0,3.0,female,right handed,college/bachelor degree,17.70857696548498,5
641,17.0,2.0,male,right handed,secondary school,24.816326530612244,0
642,22.0,0.0,male,right handed,secondary school,27.469135802469133,1
644,18.0,3.0,female,right handed,primary school,20.202020202020204,3
645,23.0,0.0,male,right handed,secondary school,24.031709372366656,0
646,22.0,1.0,male,left handed,secondary school,21.179406843378686,0
647,21.0,0.0,female,right handed,secondary school,24.023808670084982,0
648,23.0,3.0,female,right handed,masters degree,25.63691716071142,0
649,17.0,1.0,female,right handed,currently a primary school pupil,18.49649887699828,0
650,20.0,1.0,male,left handed,secondary school,22.351742870076958,3
651,22.0,1.0,male,right handed,secondary school,27.70083102493075,0
652,21.0,0.0,male,right handed,secondary school,20.13476871862332,1
653,22.0,0.0,female,left handed,college/bachelor degree,19.100091827364558,0
654,24.0,2.0,male,right handed,secondary school,25.24933720489837,3
655,19.0,1.0,female,right handed,secondary school,23.120623596247853,3
656,18.0,1.0,female,left handed,secondary school,20.56880661366243,2
657,24.0,0.0,female,right handed,college/bachelor degree,21.179406843378686,5
658,22.0,3.0,male,right handed,secondary school,23.889462809917354,3
659,20.0,1.0,male,right handed,secondary school,21.179406843378686,1
660,20.0,1.0,female,right handed,college/bachelor degree,19.959355494266223,0
661,19.0,0.0,female,right handed,secondary school,25.71166207529844,5
662,21.0,1.0,female,right handed,secondary school,19.81405273586343,3
664,28.0,1.0,female,right handed,masters degree,19.48696145124717,1
665,20.0,1.0,female,left handed,secondary school,16.70620468441979,2
666,20.0,2.0,female,right handed,secondary school,22.308149910767405,2
667,23.0,1.0,male,right handed,secondary school,26.027582477014604,0
668,27.0,0.0,male,left handed,doctorate degree,23.702162099664697,2
669,21.0,0.0,male,right handed,college/bachelor degree,23.76543209876543,0
670,23.0,1.0,female,right handed,secondary school,20.761245674740486,5
671,22.0,2.0,female,right handed,college/bachelor degree,20.936639118457304,4
672,28.0,1.0,female,right handed,masters degree,21.773842357381334,2
673,22.0,2.0,female,right handed,secondary school,17.99307958477509,0
674,18.0,1.0,male,right handed,college/bachelor degree,22.386314277122523,5
675,25.0,1.0,female,right handed,secondary school,27.548209366391188,0
676,20.0,2.0,female,right handed,college/bachelor degree,21.179406843378686,1
677,28.0,1.0,female,right handed,secondary school,28.628792385484836,5
678,23.0,1.0,female,right handed,college/bachelor degree,24.76756591982929,2
679,21.0,0.0,female,left handed,secondary school,20.45288531775018,2
680,25.0,1.0,female,right handed,college/bachelor degree,21.484374999999996,0
681,28.0,1.0,female,right handed,masters degree,21.604938271604937,4
682,19.0,4.0,male,right handed,secondary school,25.351541373715524,0
683,30.0,0.0,female,right handed,secondary school,24.968009737523797,4
684,28.0,1.0,female,right handed,secondary school,20.936639118457304,5
685,19.0,0.0,female,right handed,secondary school,19.94805976890361,5
686,21.0,0.0,male,right handed,college/bachelor degree,26.122448979591837,0
688,18.0,2.0,female,right handed,secondary school,17.63085399449036,5
689,18.0,1.0,male,right handed,secondary school,21.13885585942661,3
690,18.0,1.0,male,right handed,secondary school,19.01944209636517,4
691,17.0,0.0,female,right handed,college/bachelor degree,24.801587301587304,4
692,21.0,0.0,male,right handed,college/bachelor degree,21.9671201814059,4
693,18.0,0.0,female,right handed,secondary school,23.59700420642249,0
694,21.0,4.0,male,right handed,college/bachelor degree,20.875632703251448,4
695,23.0,0.0,female,right handed,college/bachelor degree,25.099501595611173,4
697,20.0,1.0,female,right handed,secondary school,26.92743764172336,5
698,19.0,0.0,female,right handed,secondary school,26.346494034400994,0
699,20.0,1.0,female,right handed,secondary school,17.301038062283737,5
700,26.0,3.0,female,right handed,college/bachelor degree,23.030045351473927,5
701,21.0,1.0,female,right handed,college/bachelor degree,22.857142857142858,4
702,19.0,2.0,male,right handed,secondary school,24.251278305332356,1
703,23.0,1.0,male,right handed,secondary school,21.179406843378686,0
704,21.0,2.0,female,right handed,secondary school,20.519134092541297,0
705,22.0,1.0,female,right handed,college/bachelor degree,20.281233098972418,4
706,18.0,0.0,male,right handed,secondary school,21.785875961973744,0
707,21.0,1.0,female,right handed,secondary school,19.43301326017375,1
708,23.0,1.0,male,right handed,secondary school,19.817677368212443,3
709,17.0,0.0,female,right handed,college/bachelor degree,25.099501595611173,4
710,20.0,1.0,female,right handed,secondary school,19.57168128269788,3
711,22.0,1.0,female,right handed,secondary school,19.031141868512112,0
712,20.0,1.0,female,right handed,secondary school,21.179406843378686,5
713,19.0,2.0,female,right handed,college/bachelor degree,21.258503401360546,4
714,25.0,0.0,female,right handed,masters degree,23.423557406305775,0
715,29.0,1.0,male,left handed,secondary school,33.14521186061094,0
716,29.0,2.0,male,right handed,secondary school,27.064051588760066,3
717,17.0,1.0,female,right handed,primary school,18.042701059173375,1
719,19.0,2.0,male,left handed,secondary school,21.913805697589478,3
720,18.0,2.0,female,right handed,secondary school,25.95155709342561,4
721,20.0,3.0,female,right handed,college/bachelor degree,19.817677368212443,2
722,21.0,0.0,female,right handed,college/bachelor degree,18.517804097064154,4
723,18.0,1.0,female,right handed,secondary school,18.93877551020408,0
724,19.0,1.0,female,right handed,primary school,21.604938271604937,0
725,19.0,0.0,male,right handed,secondary school,21.306818181818183,3
726,20.0,2.0,male,right handed,secondary school,21.224489795918366,3
727,19.0,0.0,male,left handed,secondary school,26.122448979591837,3
728,18.0,1.0,female,right handed,primary school,23.148148148148145,0
729,18.0,1.0,male,right handed,secondary school,24.4140625,4
730,16.0,1.0,female,right handed,primary school,19.140624999999996,3
731,18.0,1.0,female,right handed,college/bachelor degree,21.453573713726524,4
732,19.0,0.0,female,right handed,secondary school,21.79930795847751,0
733,24.0,2.0,female,right handed,college/bachelor degree,19.959355494266223,2
734,19.0,3.0,female,right handed,secondary school,19.841269841269845,1
735,20.43369890329013,1.0,female,right handed,masters degree,24.609733700642796,1
736,20.0,1.0,female,right handed,college/bachelor degree,21.773842357381334,4
737,21.0,0.0,female,right handed,college/bachelor degree,18.827160493827158,2
739,23.0,0.0,male,right handed,college/bachelor degree,22.03856749311295,0
740,17.0,1.0,male,right handed,secondary school,25.359256128486894,0
741,18.0,3.0,female,right handed,secondary school,21.71806608974573,2
742,26.0,5.0,male,right handed,masters degree,26.874496103198062,4
743,22.0,0.0,male,right handed,college/bachelor degree,18.78829922534397,4
747,18.0,2.0,female,right handed,secondary school,25.95155709342561,4
748,15.0,2.0,female,right handed,currently a primary school pupil,19.921874999999996,1
749,17.0,0.0,male,right handed,secondary school,20.897959183673468,1
750,22.0,6.0,female,left handed,college/bachelor degree,28.081632653061224,4
751,21.0,1.0,female,right handed,secondary school,17.361111111111114,2
752,21.0,3.0,female,right handed,college/bachelor degree,19.43301326017375,0
753,19.0,3.0,female,right handed,secondary school,16.75729284224206,2
754,26.0,0.0,male,right handed,college/bachelor degree,28.326974216672443,3
755,26.0,1.0,female,right handed,masters degree,27.041644131963228,0
757,19.0,3.0,female,right handed,college/bachelor degree,20.56880661366243,4
758,20.0,1.0,male,right handed,college/bachelor degree,25.76721894405937,3
759,18.0,0.0,male,right handed,secondary school,24.68532986111111,4
760,25.0,0.0,female,right handed,college/bachelor degree,17.569651116927822,0
761,23.0,1.0,male,right handed,secondary school,23.328993055555557,3
762,24.0,0.0,male,right handed,college/bachelor degree,23.26869806094183,3
763,20.0,3.0,male,left handed,college/bachelor degree,22.54595907041276,3
764,19.0,2.0,female,right handed,college/bachelor degree,16.901027582477017,5
765,18.0,1.0,male,right handed,secondary school,21.967857555786793,4
766,25.0,2.0,female,left handed,secondary school,21.513858510523864,4
767,22.0,2.0,male,left handed,masters degree,24.343809494085704,1
768,26.0,1.0,male,right handed,masters degree,26.880934989043094,3
769,19.0,0.0,female,right handed,secondary school,22.589551436050055,0
770,16.0,2.0,female,right handed,college/bachelor degree,18.68512110726644,1
771,18.0,0.0,male,right handed,secondary school,21.13885585942661,1
772,20.0,1.0,female,right handed,secondary school,18.339100346020764,0
773,17.0,0.0,female,right handed,college/bachelor degree,24.801587301587304,4
774,20.0,0.0,female,left handed,secondary school,21.20310522895934,0
775,19.0,3.0,female,right handed,college/bachelor degree,18.73278236914601,0
777,19.0,1.0,male,right handed,secondary school,18.991964937910883,3
778,18.0,0.0,female,right handed,secondary school,20.202020202020204,5
779,17.0,0.0,female,right handed,secondary school,17.21108680841909,4
780,18.0,1.0,male,right handed,secondary school,21.13885585942661,0
781,20.0,1.0,female,right handed,secondary school,21.545090797168363,0
782,17.0,3.0,female,right handed,secondary school,19.031141868512112,4
783,21.0,1.0,male,right handed,secondary school,21.132713440405748,2
784,19.0,1.0,male,left handed,secondary school,22.1606648199446,0
785,19.0,0.0,male,left handed,college/bachelor degree,22.877405702193368,0
786,19.0,0.0,male,right handed,secondary school,22.28247738194314,4
787,16.0,1.0,male,right handed,primary school,22.34351559258195,0
788,18.0,2.0,female,left handed,primary school,20.028841531805796,0
789,19.0,3.0,male,right handed,college/bachelor degree,25.24933720489837,0
790,20.0,0.0,female,right handed,secondary school,21.179406843378686,3
791,19.0,1.0,female,right handed,secondary school,19.81405273586343,3
792,21.0,1.0,male,right handed,masters degree,25.227864583333336,3
793,24.0,2.0,male,right handed,doctorate degree,35.06208911614317,0
794,23.0,1.0,male,right handed,secondary school,26.315789473684212,5
795,30.0,0.0,female,right handed,secondary school,23.054562464499313,0
796,27.0,3.0,male,left handed,doctorate degree,31.634052798073963,0
797,19.0,1.0,male,right handed,secondary school,18.991964937910883,3
798,18.0,2.0,female,right handed,secondary school,21.484374999999996,0
799,18.0,0.0,male,right handed,secondary school,21.597223907398874,2
800,17.0,2.0,male,right handed,secondary school,20.45288531775018,5
801,30.0,1.0,female,right handed,secondary school,24.0569347455645,3
802,19.0,0.0,female,right handed,secondary school,20.281233098972418,3
803,27.0,5.0,female,right handed,secondary school,26.395803401383272,1
804,21.0,1.0,female,right handed,secondary school,20.715693808680545,0
805,17.0,3.0,female,left handed,primary school,19.467401285583104,4
806,20.0,1.0,male,right handed,secondary school,23.334120982986768,1
807,20.0,0.0,male,right handed,secondary school,27.166919271354622,1
808,20.0,1.0,male,right handed,college/bachelor degree,22.282592106468055,3
809,18.0,0.0,male,right handed,secondary school,24.535123966942148,3
810,20.0,1.0,male,right handed,college/bachelor degree,27.777777777777775,2
811,20.0,1.0,male,right handed,secondary school,20.830703194041156,2
812,17.0,1.0,female,right handed,secondary school,19.591836734693878,1
813,19.0,1.0,male,right handed,secondary school,23.808797045267237,1
815,20.0,1.0,male,right handed,secondary school,24.48565200513601,4
816,21.0,0.0,male,right handed,secondary school,19.444444444444443,4
817,23.0,0.0,male,right handed,primary school,24.221453287197235,0
818,24.0,2.0,male,right handed,secondary school,25.24933720489837,1
819,17.0,0.0,female,right handed,secondary school,18.749999999999996,5
820,18.0,1.0,female,right handed,secondary school,20.957171162932475,4
821,17.0,1.0,male,right handed,secondary school,28.926223520818112,2
822,19.0,1.0,female,right handed,secondary school,19.591836734693878,0
823,21.0,0.0,male,right handed,secondary school,22.917609778180175,3
824,29.0,1.0,female,right handed,college/bachelor degree,20.06920415224914,2
825,21.0,1.0,female,right handed,college/bachelor degree,19.031141868512112,2
826,20.0,1.0,female,right handed,secondary school,22.031725684986377,0
827,20.0,1.0,female,right handed,secondary school,19.48696145124717,2
828,19.0,1.0,male,right handed,college/bachelor degree,23.629489603024574,3
829,20.0,0.0,female,right handed,college/bachelor degree,19.05197378448407,2
830,21.0,1.0,female,right handed,secondary school,24.801587301587304,0
831,17.0,2.0,female,right handed,secondary school,17.301038062283737,4
832,20.0,0.0,female,right handed,secondary school,20.936639118457304,2
833,19.0,0.0,male,right handed,secondary school,20.671695884453275,2
834,21.0,1.0,male,right handed,secondary school,23.719609250647608,1
835,19.0,0.0,male,right handed,secondary school,21.05263157894737,0
836,19.0,0.0,male,right handed,secondary school,25.165146272412706,0
837,20.0,3.0,male,right handed,secondary school,19.409358296754156,4
838,21.0,0.0,female,right handed,college/bachelor degree,20.06920415224914,0
839,23.0,1.0,female,right handed,masters degree,25.59373706198954,0
840,24.0,1.0,female,right handed,college/bachelor degree,18.556773222226116,0
841,19.0,3.0,male,left handed,secondary school,18.991964937910883,3
842,24.0,0.0,female,right handed,college/bachelor degree,21.179406843378686,0
843,20.0,1.0,female,right handed,secondary school,22.34351559258195,0
844,30.0,2.0,male,right handed,masters degree,23.03875236294896,4
845,20.0,0.0,female,right handed,secondary school,20.569329660238754,5
846,23.0,4.0,female,right handed,secondary school,18.467220683287167,3
847,19.0,1.0,female,left handed,secondary school,17.647058823529413,2
848,19.0,4.0,male,right handed,college/bachelor degree,17.72211720226843,2
849,22.0,2.0,female,left handed,college/bachelor degree,20.147971991015986,1
850,17.0,0.0,female,right handed,secondary school,22.20408163265306,5
851,20.0,2.0,male,right handed,college/bachelor degree,20.00656932126967,3
852,19.0,2.0,male,right handed,secondary school,24.489795918367346,3
853,30.0,4.0,female,right handed,masters degree,22.20408163265306,5
854,27.0,0.0,male,left handed,college/bachelor degree,23.148148148148145,3
855,19.0,1.0,male,right handed,college/bachelor degree,27.777777777777775,0
856,17.0,1.0,female,right handed,secondary school,20.956607495069033,0
857,20.0,1.0,male,right handed,secondary school,21.70138888888889,1
859,20.0,1.0,male,right handed,secondary school,34.62603878116344,0
860,20.0,2.0,male,right handed,secondary school,26.56683975365294,0
861,18.0,1.0,female,right handed,secondary school,18.591130340724717,2
862,21.0,2.0,male,right handed,college/bachelor degree,22.877405702193368,0
863,21.0,1.0,male,right handed,secondary school,21.56476002629849,1
864,20.0,1.0,male,right handed,secondary school,24.835646457268076,4
865,17.0,2.0,female,right handed,secondary school,23.849776597029344,1
866,23.0,1.0,male,right handed,college/bachelor degree,26.296566837107374,2
867,25.0,1.0,female,right handed,masters degree,18.92915089237426,0
869,18.0,1.0,female,right handed,secondary school,18.68512110726644,2
870,25.0,1.0,female,right handed,masters degree,22.321428571428577,3
871,21.0,1.0,male,right handed,college/bachelor degree,22.530864197530864,4
872,20.0,1.0,male,right handed,secondary school,22.03840115928028,3
873,21.0,0.0,male,right handed,secondary school,23.095409007209515,0
874,18.0,1.0,female,right handed,secondary school,20.576131687242793,0
876,19.0,0.0,male,right handed,secondary school,21.736505252988767,3
877,22.0,2.0,male,right handed,secondary school,24.915315920606925,2
878,26.0,0.0,male,left handed,secondary school,22.944088878154812,4
879,23.0,0.0,male,right handed,secondary school,25.420014609203797,3
880,18.0,1.0,female,right handed,secondary school,20.576131687242793,0
881,18.0,1.0,female,right handed,secondary school,18.68512110726644,2
882,16.0,1.0,female,right handed,primary school,19.13265306122449,3
883,19.0,2.0,female,right handed,secondary school,20.19557823129252,0
884,19.0,1.0,female,right handed,college/bachelor degree,18.93877551020408,4
885,23.0,0.0,female,right handed,secondary school,21.179406843378686,3
886,21.0,1.0,male,right handed,secondary school,24.307243558580453,1
888,20.0,1.0,female,right handed,college/bachelor degree,18.93877551020408,0
889,22.0,1.0,female,right handed,college/bachelor degree,21.179406843378686,2
890,20.0,1.0,male,right handed,secondary school,17.59259259259259,3
891,21.0,2.0,male,right handed,secondary school,23.671253629592222,3
892,19.0,0.0,male,right handed,secondary school,21.36686914318855,0
893,17.0,0.0,female,right handed,primary school,21.30394857667585,3
894,19.0,2.0,female,right handed,secondary school,18.02595737862522,2
896,22.0,1.0,male,right handed,college/bachelor degree,27.414453692693883,2
897,23.0,2.0,male,left handed,college/bachelor degree,25.381468541909282,3
898,28.0,2.0,female,right handed,masters degree,18.25310978907518,2
900,21.0,1.0,male,right handed,secondary school,25.826446280991735,0
901,22.0,1.0,female,right handed,secondary school,16.70620468441979,1
902,20.43369890329013,1.0,male,right handed,masters degree,21.179406843378686,3
903,19.0,1.0,male,right handed,college/bachelor degree,21.22000905387053,4
904,24.0,1.0,female,right handed,college/bachelor degree,21.484374999999996,5
905,23.0,1.0,male,right handed,college/bachelor degree,21.79930795847751,3
906,21.0,2.0,female,right handed,secondary school,19.333729922665082,4
907,22.0,1.0,female,right handed,secondary school,17.92821542543655,5
908,18.0,1.0,male,right handed,secondary school,23.92485822306238,3
909,28.0,2.0,female,left handed,masters degree,21.04804761213529,4
910,18.0,0.0,female,right handed,secondary school,17.63085399449036,4
911,23.0,1.0,female,right handed,college/bachelor degree,22.79032897344431,2
912,22.0,0.0,female,right handed,secondary school,20.957171162932475,3
913,21.0,0.0,female,right handed,secondary school,19.333729922665082,4
914,20.0,1.0,female,right handed,secondary school,19.493177387914233,4
915,18.0,1.0,female,right handed,primary school,22.49134948096886,0
916,21.0,1.0,male,right handed,secondary school,17.959183673469386,2
917,20.0,1.0,male,right handed,college/bachelor degree,23.37472607742878,2
919,21.0,1.0,female,left handed,secondary school,18.36547291092746,4
920,20.0,2.0,female,right handed,secondary school,19.834710743801654,0
921,17.0,0.0,male,right handed,primary school,24.543462381300216,3
922,20.0,1.0,female,right handed,secondary school,21.877551020408163,3
923,23.0,3.0,female,right handed,college/bachelor degree,22.20633068613798,4
924,19.0,0.0,female,right handed,secondary school,20.811654526534856,1
926,22.0,1.0,male,right handed,secondary school,20.902385858042937,1
927,19.0,1.0,female,right handed,secondary school,21.077195227520797,3
928,19.0,0.0,female,right handed,secondary school,18.79618949976505,0
929,27.0,0.0,female,right handed,college/bachelor degree,19.37919743392696,4
930,18.0,5.0,female,left handed,primary school,16.528925619834713,5
931,18.0,2.0,male,right handed,secondary school,25.24933720489837,3
932,20.0,1.0,female,right handed,secondary school,18.730489073881373,3
933,17.0,3.0,female,right handed,secondary school,17.301038062283737,2
934,19.0,0.0,female,right handed,primary school,20.32443825510934,3
935,16.0,1.0,female,right handed,secondary school,22.308149910767405,5
936,21.0,0.0,female,right handed,secondary school,22.571047501795427,3
937,18.0,0.0,female,right handed,primary school,22.230987127541326,4
938,19.0,0.0,female,right handed,secondary school,22.8625344752504,4
939,20.0,0.0,female,right handed,secondary school,21.179406843378686,0
941,18.0,3.0,female,right handed,primary school,18.591130340724717,0
942,24.0,0.0,male,right handed,college/bachelor degree,23.183673469387756,4
944,19.0,1.0,female,right handed,secondary school,17.908855357415025,0
945,22.0,1.0,male,right handed,secondary school,21.604938271604937,0
946,22.0,0.0,male,right handed,secondary school,26.846358291497758,4
947,16.0,0.0,female,right handed,secondary school,16.975308641975307,5
948,18.0,1.0,female,right handed,secondary school,25.95155709342561,0
949,18.0,3.0,female,right handed,secondary school,20.820939916716245,0
951,26.0,3.0,male,right handed,masters degree,21.967857555786793,3
952,19.0,0.0,male,right handed,secondary school,18.726007303142847,0
953,20.0,1.0,female,right handed,secondary school,20.936639118457304,0
954,20.0,0.0,female,right handed,secondary school,20.244897959183675,0
955,19.0,1.0,female,right handed,secondary school,18.507766003774133,1
956,20.0,0.0,male,right handed,secondary school,26.19618735008206,4
957,20.0,5.0,male,right handed,secondary school,21.224489795918366,3
958,22.0,2.0,female,right handed,college/bachelor degree,20.65754000210077,3
959,24.0,1.0,female,left handed,masters degree,15.495867768595042,2
960,20.43369890329013,1.0,female,right handed,masters degree,21.179406843378686,2
961,20.0,3.0,male,left handed,secondary school,25.351541373715524,0
962,21.0,1.0,female,right handed,secondary school,20.07960127648894,1
963,23.0,0.0,male,left handed,secondary school,26.880934989043094,0
964,21.0,0.0,male,right handed,college/bachelor degree,21.179406843378686,2
965,17.0,2.0,female,right handed,primary school,22.49134948096886,0
966,19.0,1.0,female,left handed,college/bachelor degree,19.031141868512112,4
967,18.0,1.0,male,right handed,primary school,20.303697560696612,0
968,19.0,2.0,male,left handed,secondary school,22.152646502835537,3
969,19.0,2.0,male,right handed,college/bachelor degree,21.604938271604937,1
970,22.0,1.0,male,right handed,masters degree,23.449340844748203,4
971,18.0,1.0,male,right handed,secondary school,19.15158479364167,4
972,19.0,0.0,female,right handed,secondary school,27.77427092538821,2
973,20.0,2.0,female,right handed,secondary school,39.183673469387756,1
974,21.0,0.0,female,right handed,secondary school,21.798202394816204,2
975,23.0,0.0,female,right handed,secondary school,27.755102040816325,4
976,19.0,0.0,female,right handed,secondary school,20.9572742022715,0
977,19.0,1.0,male,right handed,secondary school,24.78425751739377,3
978,21.0,2.0,female,right handed,college/bachelor degree,22.03856749311295,0
979,19.0,0.0,male,left handed,secondary school,23.91327452439154,0
980,18.0,2.0,female,right handed,secondary school,19.233560749020178,0
981,19.0,1.0,female,left handed,secondary school,20.19557823129252,2
982,18.0,2.0,male,right handed,secondary school,22.093170054286073,2
983,22.0,2.0,female,right handed,secondary school,20.281233098972418,0
984,21.0,0.0,female,right handed,secondary school,20.202020202020204,1
985,20.0,1.0,female,right handed,secondary school,19.003908350962746,2
986,19.0,3.0,female,right handed,secondary school,23.147255121330193,4
989,30.0,2.0,female,right handed,masters degree,19.13265306122449,0
990,29.0,1.0,male,right handed,secondary school,28.703703703703702,1
991,21.0,0.0,male,right handed,secondary school,27.041644131963228,5
992,30.0,1.0,male,right handed,masters degree,37.5,0
993,21.0,0.0,female,right handed,secondary school,18.376825152861773,5
994,20.0,0.0,female,right handed,secondary school,25.180785123966942,2
995,18.0,0.0,female,right handed,secondary school,19.94805976890361,3
996,20.0,0.0,male,right handed,secondary school,20.498614958448755,3
997,19.0,1.0,female,right handed,secondary school,19.003908350962746,0
998,28.0,1.0,male,right handed,masters degree,28.483072916666668,3
1000,16.0,1.0,female,right handed,primary school,26.48553974966893,0
1001,18.0,2.0,female,right handed,primary school,24.609374999999996,5
1002,22.0,1.0,male,right handed,secondary school,21.97735111870822,3
1003,20.0,1.0,female,right handed,secondary school,21.29529475392104,0
1004,22.0,1.0,male,right handed,secondary school,19.591836734693878,3
1005,20.0,1.0,female,right handed,secondary school,21.192742415229034,4
1006,27.0,5.0,male,left handed,masters degree,23.888440980620498,0
1007,18.0,0.0,female,right handed,secondary school,25.05930702662969,3
1008,25.0,1.0,female,right handed,college/bachelor degree,19.37919743392696,2
1009,21.0,1.0,male,right handed,secondary school,21.0372534696859,3
